Symbol,Type,Category,Missing Count
banknifty,call,options,464
banknifty,future,futures,405
banknifty,put,options,464
crudeoil,call,options,333
crudeoil,future,futures,333
crudeoil,put,options,333
finnifty,call,options,238
finnifty,future,futures,238
finnifty,put,options,238
goldm,call,options,333
goldm,future,futures,333
goldm,put,options,333
naturalgas,call,options,333
naturalgas,future,futures,333
naturalgas,put,options,333
nifty,call,options,464
nifty,future,futures,405
nifty,put,options,464
sensex,call,options,125
sensex,future,futures,125
sensex,put,options,125
silverm,call,options,333
silverm,future,futures,333
silverm,put,options,333
